{
    "@context": "http://www.w3.org/ns/csvw",
    "dc:bibliographicCitation": " McElhanon, K.A. 1967. Preliminary Observations on Huon Peninsula Languages. Oceanic Linguistics. 6, 1-45.",
    "dc:conformsTo": "http://cldf.clld.org/v1.0/terms.rdf#Wordlist",
    "dc:format": [
        "http://concepticon.clld.org/contributions/McElhanon-1967-140"
    ],
    "dc:identifier": "http://transnewguinea.org/source/mcelhanon-1967",
    "dc:license": "CC-BY",
    "dc:source": "sources.bib",
    "dc:title": "McElhanon 1967 Huon Peninsula data",
    "dcat:accessURL": "https://github.com/lexibank/mcelhanonhuon",
    "rdf:ID": "mcelhanonhuon",
    "rdf:type": "http://www.w3.org/ns/dcat#Distribution",
    "dialect": {
        "commentPrefix": null
    },
    "notes": [
        {
            "dc:title": "environment",
            "properties": {
                "glottolog_version": "pyglottolog-1.2.0-3-g0c317cdda7",
                "concepticon_version": "v2.0"
            }
        }
    ],
    "tables": [
        {
            "dc:conformsTo": "http://cldf.clld.org/v1.0/terms.rdf#FormTable",
            "dc:extent": 1960,
            "tableSchema": {
                "columns": [
                    {
                        "datatype": "string",
                        "propertyUrl": "http://cldf.clld.org/v1.0/terms.rdf#id",
                        "required": true,
                        "name": "ID"
                    },
                    {
                        "datatype": "string",
                        "propertyUrl": "http://purl.org/dc/terms/identifier",
                        "name": "Local_ID"
                    },
                    {
                        "datatype": "string",
                        "propertyUrl": "http://cldf.clld.org/v1.0/terms.rdf#languageReference",
                        "name": "Language_ID"
                    },
                    {
                        "datatype": "string",
                        "propertyUrl": "http://cldf.clld.org/v1.0/terms.rdf#parameterReference",
                        "name": "Parameter_ID",
                        "titles": "Concept_ID"
                    },
                    {
                        "datatype": "string",
                        "propertyUrl": "http://cldf.clld.org/v1.0/terms.rdf#value",
                        "required": true,
                        "name": "Value"
                    },
                    {
                        "datatype": "string",
                        "propertyUrl": "http://cldf.clld.org/v1.0/terms.rdf#form",
                        "required": true,
                        "name": "Form"
                    },
                    {
                        "datatype": "string",
                        "propertyUrl": "http://cldf.clld.org/v1.0/terms.rdf#segments",
                        "separator": " ",
                        "name": "Segments"
                    },
                    {
                        "datatype": "string",
                        "propertyUrl": "http://cldf.clld.org/v1.0/terms.rdf#comment",
                        "name": "Comment"
                    },
                    {
                        "datatype": "string",
                        "propertyUrl": "http://cldf.clld.org/v1.0/terms.rdf#source",
                        "separator": ";",
                        "name": "Source"
                    },
                    {
                        "datatype": "string",
                        "name": "Cognacy"
                    },
                    {
                        "datatype": "boolean",
                        "name": "Loan"
                    }
                ],
                "foreignKeys": [
                    {
                        "columnReference": [
                            "Language_ID"
                        ],
                        "reference": {
                            "resource": "languages.csv",
                            "columnReference": [
                                "ID"
                            ]
                        }
                    },
                    {
                        "columnReference": [
                            "Parameter_ID"
                        ],
                        "reference": {
                            "resource": "parameters.csv",
                            "columnReference": [
                                "ID"
                            ]
                        }
                    }
                ],
                "primaryKey": [
                    "ID"
                ]
            },
            "url": "forms.csv"
        },
        {
            "dc:conformsTo": "http://cldf.clld.org/v1.0/terms.rdf#LanguageTable",
            "dc:extent": 14,
            "tableSchema": {
                "columns": [
                    {
                        "datatype": "string",
                        "propertyUrl": "http://cldf.clld.org/v1.0/terms.rdf#id",
                        "name": "ID"
                    },
                    {
                        "datatype": "string",
                        "propertyUrl": "http://cldf.clld.org/v1.0/terms.rdf#name",
                        "name": "Name"
                    },
                    {
                        "datatype": "string",
                        "propertyUrl": "http://cldf.clld.org/v1.0/terms.rdf#glottocode",
                        "valueUrl": "http://glottolog.org/resource/languoid/id/{glottolog_id}",
                        "name": "Glottocode"
                    },
                    {
                        "datatype": "string",
                        "name": "Glottolog_Name"
                    },
                    {
                        "datatype": "string",
                        "propertyUrl": "http://cldf.clld.org/v1.0/terms.rdf#iso639P3code",
                        "name": "ISO639P3code"
                    },
                    {
                        "datatype": "string",
                        "propertyUrl": "http://cldf.clld.org/v1.0/terms.rdf#macroarea",
                        "name": "Macroarea"
                    },
                    {
                        "datatype": {
                            "base": "decimal",
                            "minimum": -90,
                            "maximum": 90
                        },
                        "propertyUrl": "http://cldf.clld.org/v1.0/terms.rdf#latitude",
                        "required": false,
                        "name": "Latitude"
                    },
                    {
                        "datatype": {
                            "base": "decimal",
                            "minimum": -180,
                            "maximum": 180
                        },
                        "propertyUrl": "http://cldf.clld.org/v1.0/terms.rdf#longitude",
                        "required": false,
                        "name": "Longitude"
                    },
                    {
                        "datatype": "string",
                        "name": "Family"
                    }
                ],
                "primaryKey": [
                    "ID"
                ]
            },
            "url": "languages.csv"
        },
        {
            "dc:conformsTo": "http://cldf.clld.org/v1.0/terms.rdf#ParameterTable",
            "dc:extent": 140,
            "tableSchema": {
                "columns": [
                    {
                        "datatype": "string",
                        "propertyUrl": "http://cldf.clld.org/v1.0/terms.rdf#id",
                        "name": "ID"
                    },
                    {
                        "datatype": "string",
                        "propertyUrl": "http://cldf.clld.org/v1.0/terms.rdf#name",
                        "name": "Name"
                    },
                    {
                        "datatype": "string",
                        "propertyUrl": "http://cldf.clld.org/v1.0/terms.rdf#concepticonReference",
                        "valueUrl": "http://concepticon.clld.org/parameters/{concepticon_id}",
                        "name": "Concepticon_ID"
                    },
                    {
                        "datatype": "string",
                        "name": "Concepticon_Gloss"
                    }
                ],
                "primaryKey": [
                    "ID"
                ]
            },
            "url": "parameters.csv"
        },
        {
            "dc:conformsTo": "http://cldf.clld.org/v1.0/terms.rdf#CognateTable",
            "dc:extent": 1960,
            "tableSchema": {
                "columns": [
                    {
                        "datatype": "string",
                        "propertyUrl": "http://cldf.clld.org/v1.0/terms.rdf#id",
                        "name": "ID"
                    },
                    {
                        "datatype": "string",
                        "propertyUrl": "http://cldf.clld.org/v1.0/terms.rdf#formReference",
                        "name": "Form_ID"
                    },
                    {
                        "datatype": "string",
                        "propertyUrl": "http://linguistics-ontology.org/gold/2010/FormUnit",
                        "name": "Form"
                    },
                    {
                        "datatype": "string",
                        "propertyUrl": "http://cldf.clld.org/v1.0/terms.rdf#cognatesetReference",
                        "name": "Cognateset_ID"
                    },
                    {
                        "datatype": "boolean",
                        "name": "Doubt"
                    },
                    {
                        "datatype": "string",
                        "default": "expert",
                        "name": "Cognate_Detection_Method"
                    },
                    {
                        "datatype": "string",
                        "propertyUrl": "http://cldf.clld.org/v1.0/terms.rdf#source",
                        "separator": ";",
                        "name": "Source"
                    },
                    {
                        "datatype": "string",
                        "propertyUrl": "http://cldf.clld.org/v1.0/terms.rdf#alignment",
                        "separator": " ",
                        "name": "Alignment"
                    },
                    {
                        "datatype": "string",
                        "name": "Alignment_Method"
                    },
                    {
                        "datatype": "string",
                        "name": "Alignment_Source"
                    }
                ],
                "foreignKeys": [
                    {
                        "columnReference": [
                            "Form_ID"
                        ],
                        "reference": {
                            "resource": "forms.csv",
                            "columnReference": [
                                "ID"
                            ]
                        }
                    }
                ],
                "primaryKey": [
                    "ID"
                ]
            },
            "url": "cognates.csv"
        }
    ]
}